{"cameraMode":{"drawMode":0,"name":"Shaded","section":"Shading Mode"},"sceneLighting":false,"audioPlay":false,"sceneViewState":{"m_AlwaysRefresh":false,"showFog":true,"showSkybox":false,"showFlares":true,"showImageEffects":true,"showParticleSystems":true,"showVisualEffectGraphs":true,"m_FxEnabled":true},"in2DMode":false,"pivot":{"x":1.5068020820617676,"y":3.7859668731689455,"z":-36.029998779296878},"rotation":{"x":-0.30914950370788576,"y":-0.6166766285896301,"z":0.28679442405700686,"w":-0.6647471785545349},"size":0.8660253882408142,"orthographic":false}