{"cameraMode":{"drawMode":0,"name":"Shaded","section":"Shading Mode"},"sceneLighting":false,"audioPlay":false,"sceneViewState":{"m_AlwaysRefresh":false,"showFog":true,"showSkybox":false,"showFlares":true,"showImageEffects":true,"showParticleSystems":true,"showVisualEffectGraphs":true,"m_FxEnabled":true},"in2DMode":false,"pivot":{"x":0.04116671532392502,"y":0.20095671713352204,"z":0.18214787542819978},"rotation":{"x":-0.1375931352376938,"y":-0.8604556322097778,"z":0.3754514753818512,"w":-0.31624671816825869},"size":1.0677955150604249,"orthographic":false}