{"cameraMode":{"drawMode":0,"name":"Shaded","section":"Shading Mode"},"sceneLighting":false,"audioPlay":false,"sceneViewState":{"m_AlwaysRefresh":false,"showFog":true,"showSkybox":false,"showFlares":true,"showImageEffects":true,"showParticleSystems":true,"showVisualEffectGraphs":true,"m_FxEnabled":true},"in2DMode":false,"pivot":{"x":-0.0000018477439880371094,"y":0.42833852767944338,"z":0.011400282382965088},"rotation":{"x":0.17507678270339967,"y":-0.8237788081169128,"z":0.40882521867752077,"w":0.35195785760879519},"size":0.5856260657310486,"orthographic":false}