{"cameraMode":{"drawMode":0,"name":"Shaded","section":"Shading Mode"},"sceneLighting":false,"audioPlay":false,"sceneViewState":{"m_AlwaysRefresh":false,"showFog":true,"showSkybox":false,"showFlares":true,"showImageEffects":true,"showParticleSystems":true,"showVisualEffectGraphs":true,"m_FxEnabled":true},"in2DMode":false,"pivot":{"x":-0.01614069938659668,"y":0.5178903341293335,"z":0.007165372371673584},"rotation":{"x":-0.11748478561639786,"y":-0.8823918700218201,"z":0.32200393080711367,"w":-0.32275328040122988},"size":1.4665367603302003,"orthographic":false}