{"cameraMode":{"drawMode":0,"name":"Shaded","section":"Shading Mode"},"sceneLighting":false,"audioPlay":false,"sceneViewState":{"m_AlwaysRefresh":false,"showFog":true,"showSkybox":false,"showFlares":true,"showImageEffects":true,"showParticleSystems":true,"showVisualEffectGraphs":true,"m_FxEnabled":true},"in2DMode":false,"pivot":{"x":-0.000004172325134277344,"y":0.5451167821884155,"z":-0.002911806106567383},"rotation":{"x":0.17507678270339967,"y":-0.8237788081169128,"z":0.40882521867752077,"w":0.35195785760879519},"size":1.0176985263824463,"orthographic":false}